date,user,location,text
2023-02-18 16:30:11,EveningExpress,"Aberdeen, Scotland","Yvie Burnett has been rubbing shoulders with the celebs once again this week.

@Harry_Styles #britawards

https://t.co/qLpBE0BKFH"
2023-02-18 11:34:15,T_McSherry_DLS,,"BRIT AWARDS 2023 

#BRITs #britawards https://t.co/4Gb31WQgnw"
2023-02-18 07:01:01,stephencorrall,Edinburgh,"This is just too good! #WetLeg #britawards 

Wet Leg ‚Äì Chaise Longue (Live at the BRIT Awards 2023)‚Ä¶ https://t.co/J2BrPulyk3"
2023-02-18 00:58:00,mala_hp,.,the awards for singing.heartbreak feeling. did i see the #britawards #britawards2023 #Daffodils #HarryStyles #adel‚Ä¶ https://t.co/Tw1v0Iim3v
2023-02-18 00:38:30,TanyaAn35180018,,It‚Äôs ask not arks #britawards
2023-02-18 00:27:52,freethinkinvybz,a pod in the universe,"#TikTok literally blew all the songs up, for best song of the year‚Ä¶. Facts ü§ì #britawards"
2023-02-18 00:09:32,congobongoman,Congleton,"Watching the Brit awards (know I'm 6 days late).
How shit, the 1975; Tom Grennan - 'alternative / rock'? WTF, they‚Ä¶ https://t.co/9VPmBkd0NZ"
2023-02-18 00:02:04,TRextasyBand,"London & South East, UK",Tried to watch #britawards on #itv1 but so annoying that they always get comedians to present with no clue. Not to‚Ä¶ https://t.co/cgaO0etH4W
2023-02-17 23:57:12,elliottrichmond,Cheltenham,Yes!!! Wet Leg win something at last! #britawards
2023-02-17 23:52:59,aliyxha,,Being out my men phase is easy when maya jama Looks like that #britawards
2023-02-17 23:46:12,ErikaB_Writes,London,"Watched a few minutes of the #BritAwards. Harry Styles - vapid sheep, no true emotion or conviction to anything he‚Ä¶ https://t.co/09XsKcuSpj"
2023-02-17 23:15:49,beeza444,"Barnsley, England",Just watching #britawards !! first time since 90s!! what the hell as happened?? ü§£ü§£ Jeez it‚Äôs a million miles away f‚Ä¶ https://t.co/bjghL6tmio
2023-02-17 21:33:14,VaVadsmother,Saint-Petersburg ,"Randy Crawford (born February 18, 1952) is an American jazz and R&amp;B singer. She has been more successful in Europe.‚Ä¶ https://t.co/kTnmMteqUK"
2023-02-17 21:23:17,VaVadsmother,Saint-Petersburg ,"Randy Crawford (born February 18, 1952) is an American jazz and R&amp;B singer. She has been more successful in Europe.‚Ä¶ https://t.co/EOlQOtVtKX"
2023-02-17 20:50:30,beerlanguage,she/her,at least support my tiktok ü´∂üòÇ @BRITs #britawards https://t.co/xMxudrMYGG
2023-02-17 20:09:00,sitefannaticos,,Performance de Sam Smith e Kim Petras no BRIT Awards 2023 gera backlash. Clique no link para saber mais:‚Ä¶ https://t.co/AGHykxHLvG
2023-02-17 18:08:01,ickttmpodcast,"Sheffield, England","New episode is out!! This week we are talking all things Grammys, Brits and Super Bowl and discuss the highlights,‚Ä¶ https://t.co/gCvLOI6Avl"
2023-02-17 15:49:18,SpaceTraceRBLX,Roblox,"Sam Smith's #Roblox avatar is adorable üòç

#britawards2023 #britawards #robloxart #robloxavatar #RobloxUGC https://t.co/5Da2Ar7uEo"
2023-02-17 15:16:42,SinghZeldon,Sydney Australia,Today 2004 THE GOAT QUEEN BEY WON BEST INTERNATIONAL FEMALE SOLO ARTIST AT THE BRIT AWARDS AND DAZZLING PERFORMED C‚Ä¶ https://t.co/DKJoOAachH
2023-02-17 15:14:52,HumanityBytes,UK,"Sam Smith at The Brit Awards 2023.

#SamSmith #TheBritAwards #BritAwards #BritAwards2023 https://t.co/KiHNvAOdCl"
2023-02-17 14:11:52,HillsideComics,My own personal hell,"This weeks Gymwits features our first special guest, @samsmith, straight from slaying it at the 2023 Brit Awards!‚Ä¶ https://t.co/fSreV1NLHp"
2023-02-17 12:51:23,brckmrly,Australia,This week's episode has just dropped. #podcast #podcasts #podcasting #PopCulture #comedy #SamSmith #britawards‚Ä¶ https://t.co/1dQttNtCXT
2023-02-16 22:13:14,frankie_funke,"Los Angeles, CA","Drawing Sam Smith at the Brit Awards ‚ú®‚ú®Inflatable latex realness 

@samsmith #britawards #latex #fashion #unholy https://t.co/NhES3clVAP"
2023-02-16 21:15:23,kbutlv,,#Rihanna debuted her baby bump at #SuperBowl2023! Snow in #LasVegas. #MichiganState Shooting. NYC dogs get high!‚Ä¶ https://t.co/Pi7lleDLTp
2023-02-16 21:08:58,mermaidnes,,He mentionned the boys üò¢ i think that tonight i'm returning to my 1D fangirl years üòÖ thanks Harry ‚ù§  #HarryStyles‚Ä¶ https://t.co/des8AuGUgu
2023-02-16 20:15:11,supatex,United Kingdom,@harri_ks is breaking the internet with his inflatable latex outfit for @samsmith at @BRITs! We are so proud to hav‚Ä¶ https://t.co/3PpjenANp6
2023-02-16 17:43:54,officialmsmag,,"Sam Smith And Kim Petras‚Äô BRIT Awards 2023 Performance Sparks Controversy 
https://t.co/VmTEvDAffE
.
.
#SamSmith‚Ä¶ https://t.co/r5dthadnU4"
2023-02-16 16:32:09,concert_next,"Florida, USA",#Culture #Pride #Awards #britawards #Pop Sam Smith &amp; Kim Petras Court Controversy Yet Again Following ‚ÄòUnholy‚Äô Brit‚Ä¶ https://t.co/Lq0hp43viH
2023-02-16 16:03:15,AHintOfLimeVP,"Birmingham, England","The O2 Arena, one of our member venues, hosted the BRIT Awards on the 11th of February!

The event was catered for‚Ä¶ https://t.co/sSo00o2B0k"
2023-02-16 13:01:44,hotboxevents,"Hampshire, UK","See the stars of the #BRITAwards this summer without it costing a penny! üòç

We don't charge any admin fees on depos‚Ä¶ https://t.co/6vF2ZEd9uU"
2023-02-16 12:56:26,TheRANtGroup,London,"Sending a big shoutout to @riskrecon, a Mastercard Company, for inviting our co-founder Richard to the @BRITs last‚Ä¶ https://t.co/AtIWzSXOTg"
2023-02-16 12:55:55,myfizzypop,England,Happy 30th to the inaugural performance of #AndyBell and #KDLang's duet on #NoMoreTears (#EnoughisEnough) - sung‚Ä¶ https://t.co/ou0IngoUFG
2023-02-16 11:45:03,MichaelHeppell,Northumberland and the world,"Did you see the Brit Awards last weekend?

Here are my takeaways.

ùó•ùó≤ùó± ùóñùóÆùóøùóΩùó≤ùòÅ¬†

The red carpet is a chance to show‚Ä¶ https://t.co/hi22mtwN24"
2023-02-16 09:41:09,Independent,"London, England",Sam Smith‚Äôs #BritAwards performance sparks over 100 Ofcom complaints https://t.co/TVebf1BNY7
2023-02-16 08:15:02,rashid_redwan,"Dhaka, Bangladesh","Was it the Brit Awards or the ‚Äòdress like you would in hell‚Äô Awards? 

#britawards #BRITs #Brits2023"
2023-02-16 08:00:45,scott_fleary,,"Throwback to last year's performance by @Santandave1 at the @BRITs 

Which performance was your favourite this year‚Ä¶ https://t.co/3FrqcjeY9H"
2023-02-16 07:02:22,PERFORMERS_COLL,"Corringham, Essex. UK",Congrats to these two grads who were both involved in this years David Guetta performance at the @BRITs üôå Did you s‚Ä¶ https://t.co/SjSZSxIcsq
2023-02-16 03:31:08,LynetteLaboy,,BEYONC√â BRIT AWARDS 2023 collage by SHEEP! @BRITs üêùüí´‚ù§Ô∏è‚Äçüî• #Brits2023 #britawards #Beyonce https://t.co/qqNC9XOzWz
2023-02-16 01:27:09,melbengorillo21,,the parallels of ten years. ü•π #britawards #onedirection #HarryStyles #britawards2023 https://t.co/gGyqFrD8nH
2023-02-15 21:25:41,tomandlorenzo,"Philadelphia, PA",#MagicMikesLastDance star Salma Hayek wore killer boots and the wrong necklace with a dress that has too much going‚Ä¶ https://t.co/YaDq0edZo9
2023-02-15 21:03:08,xtremeVG,,Sam Smith‚Äôs BRITs 2023 performance sparks over 100 Ofcom complaints: Sam Smith‚Äôs BRITs 2023 performance sparks over‚Ä¶ https://t.co/I99t5zji2B
2023-02-15 18:00:00,dancehits_co_uk,"London, UK","@davidguetta won ""Producer of The Year"" at #britawards üî•üèÜ https://t.co/kNsc2umJdX"
2023-02-15 17:00:00,MXDWNUK,,The Brits 2023: Stars Attend Private Afterparties Following the Awards Ceremony #BRITs #Brits2023 #britawards‚Ä¶ https://t.co/jEqOiQruhI
2023-02-15 16:49:59,merlinnetwork,Global * Independent * Digital,Congratulations to our members @Dominorecordco and @pias_global [Integral] and their artists @wetlegband and‚Ä¶ https://t.co/bknmQMbVv7
2023-02-15 16:11:28,2getaticket,London UK,#GlastonburyFestival 2023 line-up: #HarryStyles fans think superstar could headline after #BRITAwards https://t.co/sgIUkIHMMF
2023-02-15 16:01:06,MCEInsurance,"Rushden, Northamptonshire","When you take helmet and leather cover too far... 

#britawards #samsmith https://t.co/Yffvjx3N4l"
2023-02-15 15:36:00,uinterview,New York,"Harry Styles Kisses Lewis Capaldi On The Lips After 2023 BRIT Awards Win

#harrystyles #lewiscapaldi #BritAwards‚Ä¶ https://t.co/R46Wpv7vG4"
2023-02-15 14:40:52,bandedarmadillo,Order of the Banded Armadillo,"we know we‚Äôre a little late to the game, but‚Ä¶ #bandedarmadillosocialclub and #barc420 must know. Who wore it better‚Ä¶ https://t.co/eKE3gDAZXK"
2023-02-15 14:39:56,BANGShowbiz,London,"Lizzo has enjoyed boozy wine dates at Adele's home

#Lizzo #Adele #BRITAwards #GrammyAwards #MusicNews #ShowbizNews‚Ä¶ https://t.co/DTN120Ey2G"
2023-02-15 13:21:10,xtremeVG,,Brit Awards hit with Ofcom complaints ‚Äì with critics sadly offended by Sam Smith‚Äôs Unholy performance: Brit Awards‚Ä¶ https://t.co/P4ocEQAhfT
2023-02-15 12:13:03,QuiteGreat,United Kingdom,"As a #musicPR company, we had the pleasure of working with them back in 2015 for ""Bassline B*tch"" and now they're n‚Ä¶ https://t.co/VZgMln5UPs"
2023-02-15 10:00:23,SwayMeGood,Dunstable,Beyonce walked away with two BRIT awards - International Artist of the Year and International Song of the Year for‚Ä¶ https://t.co/tFrKvPQzYX
2023-02-15 09:46:07,LOdeRosePR,"Glasgow, UK/Montpellier, FR","The music market still has a long way to go before it represents the diversity found in wider society, and this yea‚Ä¶ https://t.co/vZnn2H2DfA"
2023-02-15 06:05:30,yournextshoes,"Yokohama, Japan",Check out Shania Twain's showstopping look at The BRIT Awards! The legendary singer graced the red carpet in a vibr‚Ä¶ https://t.co/2BQwVROUmo
2023-02-14 21:29:18,offqueenbandfan,QueenWikipedia,"#OTD on 14/02/1994. #BrianMay played with #BonJovi at the Alexandra Palace in London, UK, during the #BRITAwards. https://t.co/vz2uLGvoQB"
2023-02-14 20:07:54,HAIRVIRGINITY,,Double frontal pony with our Raw HD Lace + bundles on @thepatriciabright for the #britawards2023! Sale ends TONIGHT‚Ä¶ https://t.co/TrgipDRXkK
2023-02-14 19:46:33,tomandlorenzo,"Philadelphia, PA","Jodie Turner-Smith went all out for her #BritAwards look
https://t.co/PkAPBmZF07"
2023-02-14 18:03:23,xtremeVG,,Loyle Carner on the response to ‚ÄòHugo‚Äô and new music: Loyle Carner on the response to ‚ÄòHugo‚Äô and new music Loyle Ca‚Ä¶ https://t.co/h9JubaUPIa
2023-02-14 16:14:03,FindingLandFolk,,Just glorious from @BossMorris and @wetlegband. Next year I hope they go full-on folk and burn whoever came up with‚Ä¶ https://t.co/TTLp0Hm2hD
2023-02-14 15:05:01,DonBiswascomedy,"London, England",Well I think Sam Smith has an inflated opinion of themself. #BritAwards #samsmith
2023-02-14 14:04:17,lematinal_en,Mauritius,"2023 Brit Awards: See List Of Winners &amp; Who Turned Heads With Their Bizarre Outfits

#2023BritAwards #Brits2023‚Ä¶ https://t.co/lqS8bj1qpH"
2023-02-14 13:50:08,maria_nero,Teignville,Feb 14 2007 #MuseHistory @muse won the #BritAwards #BestLiveAct - Matt's jacket was awesome üíñHappy Valentine's Day‚Ä¶ https://t.co/j3CQE5rO4o
2023-02-14 13:47:16,00_hiroe,Á•ûÊà∏,"Sam Smith, Kim Petras - Unholy (Live at The BRIT Awards 2023) 
https://t.co/Fse4dQWzzv @YouTube

#SAMSMITH 
#BritAwards"
2023-02-14 13:15:13,PTRJewelry,"New York, NY","#PeterThomasRoth #FineJewelry #FashionNews is out! @PTRJewelry https://t.co/VTlC5GtMrR
#PeterThomasRothJewelry‚Ä¶ https://t.co/0OvE00THG1"
2023-02-14 13:11:16,dailymuzicroll,United States,"@Harry_Styles Talks About His Privilege While Winning at Brit Awards 2023

#HarryStyles #britawards #latestnews‚Ä¶ https://t.co/jTzuiNaqo2"
2023-02-14 11:26:11,timlichtenberg,The Netherlands,The outfit Sam Smith wore during the #Britawards reminds me of the symbols you‚Äôll find on a deck of cards ‚ô†Ô∏è‚ô£Ô∏è https://t.co/58BN90OTYU
2023-02-14 09:02:47,issu3com,"Lagos, Nigeria","The 2023 BRIT Awards ceremony took place on Saturday, February 11, at the O2 Arena in London, honoring the best in‚Ä¶ https://t.co/m6v1PHM8PL"
2023-02-14 08:04:29,Bengiamino,Bologna,"#HarryStyles, #SamSmith, #SalmaHayek, #Lizzo, #KimPetras, #JessieJ, #EllieGoulding @ The #BRITAwards 2023 at The O2‚Ä¶ https://t.co/ExXLoe1rvk"
2023-02-14 07:07:38,xtremeVG,,The 00s dip dye hair trend is back ‚Äì here‚Äôs how to make the look work for you: The 00s dip dye hair trend is back ‚Äì‚Ä¶ https://t.co/Kq0gjMEwev
2023-02-14 06:42:45,WWE4Life8_8,"Los Angeles, CA",The Miz doesn't get 2 finish. We see Rollins is geared up a little bit more than usual. It may be a slight #homage‚Ä¶ https://t.co/6OVagqv1LD
2023-02-14 06:34:38,TheBritpopShow,,Anti Brit Awards. Anti Valentine's Day. Clearly not in a good mood on this week's show! Played some bangers though‚Ä¶ https://t.co/YTYNjF3Wgq
2023-02-14 05:34:03,musiciswild,,"Top Social Media Trends to Watch (and adopt) in 2023

#purplecocoon #waterquality #jungkook #viralvideo #alaskaufo‚Ä¶ https://t.co/zDHZRSJbN6"
2023-02-14 04:21:00,desisLIVE,"Palo Alto, CA","‚ÄúI‚Äôm very aware of my privilege up here tonight,‚Äù he said, female artists overlooked by Academy voters to warm appl‚Ä¶ https://t.co/VpvoLlKZOS"
2023-02-14 03:41:11,Video_Forensics,,"@nzherald ICYMI: ""Gender update: I‚Äôm now identifying as a complete berk."" üëá via @piersmorgan #britawards‚Ä¶ https://t.co/fPTT8oX65x"
2023-02-14 03:08:45,pitchfork,Chicago/NYC,"ICYMI: @wetlegband performed ""Chaise Lounge"" at the #BritAwards https://t.co/DABK1Aj3lG"
2023-02-14 01:40:17,USRetailCorp,"Boston, MA","Harry Styles wore a flared suit and oversized corsage by Harris Reedüñ§üî•
#HarryStyles #BritAwards2023‚Ä¶ https://t.co/K0Nfqr2hKc"
2023-02-14 01:40:16,HiroshiKoba2,,"Harry Styles was spotted ""kissing"" the popular singer
#HarryStyles #BRITs #britawards #lewiscapaldi 

https://t.co/y1ZIpsOOHL"
2023-02-14 01:26:24,CRamzSSG, #CALIFORNIA Cruz-in ,@ResisttheMS @rickygervais is a comedy beastüòÖüëç #hollyweird #BritAwards https://t.co/YAHwm1tIaF
2023-02-14 01:20:02,valurank,"Austin, TX","Article summary: https://t.co/2znn6cMTnB (I'm a bot)

#LewisCapaldi #HarryStyles #BritAwards #London #TheUK https://t.co/qpXUu9uUeH"
2023-02-14 01:15:12,ETCanada,Canada,#LewisCapaldi kisses #HarryStyles on the lips at 2023 #BritAwards -- watch https://t.co/epSdZ1kXM8
2023-02-14 00:44:57,Hur1,Palestine ,Looking ridiculous under the guise of ‚Äúfashion‚Äù is stupid. #SamSmith #BritAwards
2023-02-13 23:00:22,audiomovers,"Abbey Road Studios, London","We are humbled to see so many Audiomovers‚Äô users nominated at this year's Brit Awards, utilizing both LISTENTO and‚Ä¶ https://t.co/WntkhXEuMx"
2023-02-13 22:55:42,tomandlorenzo,"Philadelphia, PA","Lizzo took her style in a different direction for the #BritAwards. IN or OUT?
https://t.co/tPh0OBRZ2D"
2023-02-13 22:49:46,preacherous,"Villa Martin, Spain",@samsmith eventually decided on the other outfit for the #BritAwards https://t.co/VeI9AZj2YZ
2023-02-13 22:30:06,J14Magazine,,"Harry Styles has been killing the fashion game recently, starting with this look from the #BRITAwards! üñ§   ---&gt;‚Ä¶ https://t.co/s4ZKaWej83"
2023-02-13 22:20:30,ETCanada,Canada,"""You wanna go and have dinner with your friends""  ‚ù§Ô∏è  @Harry_Styles shares plans for low-key celebration with his n‚Ä¶ https://t.co/Z9xKGp3ys8"
2023-02-13 22:15:22,Latex247,,Designers @elissa_poppy and @atsukokudolatex take centre stage at the @BRITs as their latex accompanies‚Ä¶ https://t.co/KpyUO4UJ7p
2023-02-13 21:59:05,enews,"Hollywood, CA",Don't forget where you belong. ‚ù§Ô∏è Harry Styles gives a special shoutout to his #OneDirection band members after win‚Ä¶ https://t.co/ISUm46atKN
2023-02-13 21:57:07,IVETTER65867249,,"Sam Smith, Satanic or Stoopid? Tarot Reading #britawards #samsmith #unho... https://t.co/uC9IPnsfy6 via @YouTube"
2023-02-13 21:45:01,J14Magazine,,Harry Styles won all four awards he was nominated for at the 2023 #BRITAwards. See details on all of his awards and‚Ä¶ https://t.co/bCy2YGQqL1
2023-02-13 21:25:05,WhoWhatWear,"Los Angeles, California",Iris Law stunned in a leather bra top and ruched skirt at the 2023 #BritAwards: https://t.co/zfrqKD94Kd https://t.co/UuzB3wqLtY
2023-02-13 20:45:02,thenerdstash,USA,"See How Harry Styles Celebrated His Four Brit Award Wins #britawards #HarryStyles 

https://t.co/GNkzbdvyjO https://t.co/f1b5E1dXr6"
2023-02-13 20:26:11,xtremeVG,,"The 1975 to perform biggest headline concert for 45,000 fans in Finsbury Park: The 1975 to perform biggest headline‚Ä¶ https://t.co/NUW9pYG4wa"
2023-02-13 19:33:17,younghollywood,Los Angeles,"Attendees at the 2023 #BritAwards over the weekend understood the assignment--which was apparently ""wear your most‚Ä¶ https://t.co/U6J8Bz1CAl"
2023-02-13 19:21:38,concert_next,"Florida, USA",#Awards #Music #britawards #BRITS #International 2023 Brit Awards TV Ratings Hit Three-Year High Following Move to¬†‚Ä¶ https://t.co/jOBwXCYCjE
2023-02-13 18:53:55,MaeCassidy_,"London, England",Radient in red stunning @JessieJ wears our @MaeCassidy_ ‚ÄòSimi Sweetheart‚Äô clutch bag @BRITs Awards 2023 ‚ù§Ô∏è‚Äçüî• Styled‚Ä¶ https://t.co/pLON0y8hYi
2023-02-13 18:53:02,MaeCassidy_,"London, England",Radient in red stunning @JessieJ wears our @MaeCassidy_ ‚ÄòSimi Sweetheart‚Äô clutch bag @BRITs Awards 2023 ‚ù§Ô∏è‚Äçüî• Styled‚Ä¶ https://t.co/wxM3d5zwI8
2023-02-13 18:36:06,HAIRVIRGINITY,,Beautiful love heart pony on @thepatriciabright for the #britawards2023! Shop our raw bundles and hd lace installed‚Ä¶ https://t.co/KC39D0JLTU
2023-02-13 18:26:43,olgavilella,,"In a stunning new development, the #UK sends its own *weather* balloon. #Chinese authorities throw towel in. ‚ÄúYou w‚Ä¶ https://t.co/36GcjkvXPO"
2023-02-13 18:16:15,tomandlorenzo,"Philadelphia, PA","Looking at Harry Styles at the #BritAwards, we are prepared to make a blasphemy. It's time for a style rethink. Thi‚Ä¶ https://t.co/3XTebnSQvg"
2023-02-13 18:09:55,iamveryviolet,,Liam is the coolest man ever! The Brit Awards are boring without him @BBC @liamgallagher @oasis #britawards‚Ä¶ https://t.co/OAwg6r8tQa
2023-02-13 18:02:33,instinctmag,"Burbank, CA",Sam Smith's Black Outfit at the BRIT Awards Starts a Meme Fest on Twitter https://t.co/heYd2D6I2u #Entertainment‚Ä¶ https://t.co/P8ynnXX6XD
2023-02-13 18:00:25,HollywoodLife,LA & NYC,"Shania Twain channeled her ""That Don't Impress Me Much"" look with a leopard outfit at the #BRITAwards after party‚Ä¶ https://t.co/u31lxlKRdg"
2023-02-13 17:39:36,tomandlorenzo,"Philadelphia, PA",Sam Smith took a Bowie homage and made it bigger and queerer at the #BritAwards https://t.co/msIPcjDqqJ
2023-02-13 17:30:10,studyschooluk,"57 Thetford Road, New Malden",Well it‚Äôs not every night you turn on the @BRITs &amp; see your music teacher accompanying Stormzy @stormzyofficial___‚Ä¶ https://t.co/a7poHO7sxN
2023-02-13 17:30:09,RammitRecords,,Becky Hill wins Best Dance Act at Brit Awards https://t.co/hyZpLG44ty @DailyMirror #beckyhill #britawards üíÉ #dancemusic #bestdanceact
2023-02-13 17:24:03,POPSUGARFashion,,Let's take a moment to celebrate the tulle headboard @lizzo performed in at the #BritAwards. https://t.co/pvbAAPAEDg
2023-02-13 17:22:41,ramiroquai_dj,"Caracas, Venezuela","In his career, Robbie has sold 75M records making him one of the best-selling music artists of all time. He also  h‚Ä¶ https://t.co/MjcvfBEjC8"
2023-02-13 17:19:55,tinak98,Republic of Slovenia,Harry Styles BRITS 2023 Speech Poster / Brit Awards 2023 / Digital Content on ETSY #harrystyles #artdeco‚Ä¶ https://t.co/lKvOTBHLTr
2023-02-13 17:13:12,MTVEnglishNews,"Naccache, Lebanon","#HarryStyles steals the show with four wins at the #BritAwards
https://t.co/4obyIVbpYh"
2023-02-13 17:11:34,xtremeVG,,Nova Twins talk remixing Sam Smith¬†and¬†Kim Petras‚Äò ‚ÄòUnholy‚Äô: Nova Twins talk remixing Sam Smith¬†and¬†Kim Petras‚Äò ‚ÄòUn‚Ä¶ https://t.co/RnnNpxf8eG
2023-02-13 16:45:07,J14Magazine,,"""I want to thank Niall, Louis, Liam and Zayn."" Harry Styles shouted out his #OneDirection bandmates at the‚Ä¶ https://t.co/uPRvVrS1Or"
2023-02-13 16:32:38,HireworksLtd,"Soho, London","What an honour to provide kit hire to the Brit Awards 2023 on Saturday night! üì∫üé§

#britawards2023 #kit #hire‚Ä¶ https://t.co/Dt2Ikmd23k"
2023-02-13 16:27:46,dailyblastlive,Everywhere,Sam Smith is stirring up conversation with his eye-catching black latex outfit that he wore to the Brit Awards Satu‚Ä¶ https://t.co/yc8x7gRsjF
2023-02-13 16:24:33,philwithy69,England,"Darth Gayder
#SamSmith #Brits2023 #britawards #britawards2023 https://t.co/8FXXsIbKcT"
2023-02-13 15:49:00,PJeweller,"25 Bastwick Street, London","AT THE BRITS @BeckyHill pairs @OfficialFaberge with lab-grown diamond jewellery

#brits #britawards @BRITAwards

https://t.co/5S1FOs1APZ"
2023-02-13 15:30:11,CNS_Media,"Chesterfield, UK","How have clients misspelt your name?üòÇüëá

#britawards #samsmith #lewiscapaldi #funny #marketers #agencylife #meme‚Ä¶ https://t.co/pgccqUsivs"
2023-02-13 15:28:41,deciaa97,,Sam Smith looks like he farted in a wetsuit #SamSmith #Brits2023 #britawards https://t.co/xyDfsi8hB2
2023-02-13 15:27:14,fpjindia,India,"#SamSmith's latex suit at #BritAwards, designed by #Kerala-born Harikrishnan Pillai, gets #trolled

https://t.co/nc4nKS49W3"
2023-02-13 14:15:16,ETCanada,Canada,#HarryStyles thanked the other members of #OneDirection after winning Artist of the Year at Saturday's #BritAwards https://t.co/PMqA757SVi
2023-02-13 14:13:00,hotgosipnewz,,"Pregnant Jessie J Reveals She's Having a Baby Boy, Shows Off Her Bump at BRIT Awards Red Carpet
#hotgossipnewz‚Ä¶ https://t.co/Kty0DIC3kC"
2023-02-13 14:04:59,hourly_goat,"Los Angeles, CA","Social media distribution system - advanced.

üÜìAutomation template ‚Üì
üëâhttps://t.co/9PCQNRMRND

#britawards #believe‚Ä¶ https://t.co/mSb1ptzKAv"
2023-02-13 13:55:37,DbyD_NL,Nederland,Looking for a needle. https://t.co/nDhuYVzKTW #britawards #BRITs #lookingforaneedle #Brits2023 #BRITsWeek
2023-02-13 13:51:39,melinaspanish,worldwide,"¬°Abre la ventana, por favor! // Open the window please! #hello #hola #mondaymotivation #gmail #london #manchester‚Ä¶ https://t.co/jY4MgRNWU2"
2023-02-13 13:48:06,xtremeVG,,"Sam Smith in ‚Äòchaotic‚Äô backstage row before Brit Awards performance on ‚Äò¬£500,000 set‚Äô: Sam Smith in ‚Äòchaotic‚Äô backs‚Ä¶ https://t.co/C8tkf6VESC"
2023-02-13 13:45:02,BenMacnair,"Lichfield, England",Middle aged man doesn't know anyone at the Brits https://t.co/qzvwe0uPCM  #local #britawards
2023-02-13 13:28:35,upendrakbisht,"India,Uttrakhand","#BritAwards
It can be a two wheeler airbag."
2023-02-13 13:25:39,jerrylembo,"Fort Lee, NJ","Peter Gabriel - Solsbury Hill https://t.co/1QbowB9F6t via @YouTube

Happy Birthday, Peter Gabriel (2/13/50).‚Ä¶ https://t.co/8In92ebDvb"
2023-02-13 13:16:27,republic_glitz,"Mumbai, India","Harry Styles in his BRIT acceptance speech said he wouldn't be here without One Direction. 

#HarryStyles‚Ä¶ https://t.co/khtZiD5haK"
2023-02-13 13:13:34,xtremeVG,,Lewis Capaldi laughs off BRITs ‚ÄúSam Capaldi‚Äù blunder: Lewis Capaldi laughs off BRITs ‚ÄúSam Capaldi‚Äù blunder Lewis Ca‚Ä¶ https://t.co/ue0VPqkk89
2023-02-13 12:57:40,danhealemusic,"Newcastle, England","#Brits was a belta!ü•≥

#britawards #brits2023 #thebrits #musicproducer #dj #o2arena https://t.co/VHRq8ftfDt"
2023-02-13 12:56:13,MillHillMusicCo,"London,NW7 2AJ","We are so made up that @flolikethis are the third #britawards winner to have started at our studios, after #Amy and‚Ä¶ https://t.co/1LSElMatTE"
2023-02-13 12:45:00,BANGShowbiz,London,"Lewis Capaldi reportedly has a new girlfriend 

#LewisCapaldi #EllieMacdowell #BRITAwards #CelebNews #MusicNews‚Ä¶ https://t.co/YaI8RlY6v5"
2023-02-13 12:41:48,mayankumar_cool,"Austin, TX","Social media distribution system - advanced.

üÜìAutomation template ‚Üì
üëâhttps://t.co/wmP1uzY1Rb

#indvsaus #5v5‚Ä¶ https://t.co/8N1jleWoYH"
2023-02-13 12:25:22,Architen,"Chepstow, UK",Busy making something for one of the Brit Award winners.... great excuse to use our new Plotter Cutter üòç‚Ä¶ https://t.co/eGyQnUpolm
2023-02-13 12:24:14,UKPrimeEvents,,"What a night the #BritAwards was, and on a Saturday night for a change.  Well done #harrystyles for stealing the sh‚Ä¶ https://t.co/CRJ2CSqEmT"
2023-02-13 12:11:54,loveheycandy,Worldwide üåç ,"When you try sneak your own candy into the cinema üòÇ 
-
#samsmith #britawards #brits #heycandy #candy #sweets https://t.co/TQ42BW6atg"
2023-02-13 12:07:56,0086Yogs,United Kingdom,@scottmelker Sam Smith üòÇü§£üòÇ #britawards
2023-02-13 11:41:53,MaeCassidy_,"London, England",Radient in red stunning @JessieJ wears our @MaeCassidy_ ‚ÄòSimi Sweetheart‚Äô clutch bag at The BRIT Awards 2023 ‚ù§Ô∏è‚Äçüî• S‚Ä¶ https://t.co/y8t4E4SiMq
2023-02-13 11:11:50,Twistedteaz5642,,"Omg Wtf ü§£ü§£
#samsmith #wtf #britawards #funny #chicken https://t.co/43FF9hTPsF"
2023-02-13 10:50:03,ZorzStudios,"New York, NY","üì∞ Today's top stories, curated for you by Zorz Studios: https://t.co/hFwfLIWd0O

- Lizzo is a #WorkOfArt in a metal‚Ä¶ https://t.co/Nqo2qt7LD6"
2023-02-13 10:37:00,TimesNow,India,"Singer Sam Smith's #Viral inflatable latex outfit at #BritAwards was designed by a #Kerala-born Indian designer.

R‚Ä¶ https://t.co/gSSLGod8qB"
2023-02-13 10:25:19,SidetrackLondon,"London, England","üèÜ#Awards: Sam Smith, #ShaniaTwain &amp; #HarryStyles at the #BRITAwards 2023 at @TheO2 

@shaniatwain @samsmith‚Ä¶ https://t.co/PNLl72G8Pg"
2023-02-13 10:01:38,TheBeatPilots,"Birkenhead, England","STOCK RUNNING LOW. ORDER NOW

#samsmith #britawards https://t.co/Dyn770j4bA"
2023-02-13 09:31:42,xtremeVG,,Lewis Capaldi ranks Harry Styles as his ‚Äòtop kisser‚Äô after the pair shared a smooch at the Brit Awards: Lewis Capal‚Ä¶ https://t.co/Jd6bQR0RRC
2023-02-13 09:25:31,hfvenison,Yorkshire,A List Celebs tucked into Venison at this years Brit Awards. Guests enjoyed an aged¬†Braemar venison loin along with‚Ä¶ https://t.co/uGRTr0yK0g
2023-02-13 09:07:00,2getaticket,London UK,#BritAwards 2023: The full list of winners - from #HarryStyles and #WetLeg to #Beyonce . https://t.co/6VFJXkuist
2023-02-13 09:01:03,michaelhogan,London N16,Technical glitches! Mo Gilligan gaffes! Keith Lemon appears! Twice! Pop's prince Harry proves more popular than roy‚Ä¶ https://t.co/EuMghlaNaO
2023-02-13 08:56:43,hotpress,Ireland,"Irish rockers @fontainesdublin triumphed over K-pop girl group @ygofficialblink, rappers @Drake and @21savage, Swed‚Ä¶ https://t.co/xy3T8lq340"
2023-02-13 07:35:24,1DCynthiaOrtiz,Concerts/ForeverYoung ‚ù±‚ù±‚ù±‚ù±‚ù± ,"‚Ä¢ Just let me cry, pleaseeee!. üò≠

#HarryStyles #BRITs #BRITs2023 #BritAwards https://t.co/0i6MWZbiCQ"
2023-02-13 07:32:47,will_mahood,"Kilwinning, Scotland",I decided to watch #britawards at the weekend. It made me feel old üòÇI hadn‚Äôt heard of most of the nominees and performers.
2023-02-13 07:13:00,hotgosipnewz,,"Pregnant Jessie J Reveals She's Having a Baby Boy, Shows Off Her Bump at BRIT Awards Red Carpet
#hotgossipnewz‚Ä¶ https://t.co/WQdoIpA0YP"
2023-02-13 06:53:56,EventHosts,"London, England","Wow what a weekend 

Our gorgeous model Marisa was representing Warner Music at the prestigious Brit Awards after p‚Ä¶ https://t.co/HIUdOQ4DPL"
2023-02-13 06:41:40,tworldreviews,,"Sam Smith caught the attention of many at the BRIT Awards on Saturday night with his choice of red carpet attire, w‚Ä¶ https://t.co/dYQerX5L3d"
2023-02-13 06:19:07,CloutNewsMedia,United States,"#Beyonc√©'s Form-Fitting Black &amp; White Dress Shines At #BritAwards

#fashion #style #lifestyle #harrystyles‚Ä¶ https://t.co/mpezuG5u6b"
2023-02-13 05:59:11,diy_samurai,"England, United Kingdom","What the hell is this? 

#latex #fart #funnyvideos #funnyvids #fyp #samsmith #britawards #brits #uk #british #music‚Ä¶ https://t.co/xpiNCYx6rD"
2023-02-13 05:51:16,Tj95693959,"Texas, USA",@FuMiDesaluVold had me hollering with her review video about the #britawards ü§£ü§£ü§£
2023-02-13 05:29:18,thecelebpost,,Harry Styles ''very serious'' about pursuing childhood crush Jennifer Aniston post Olivia Wilde split‚Ä¶ https://t.co/pLpaisVF7D
2023-02-13 03:00:13,STACKmag,Melbourne,"The Brit Awards have just been held, and here's a round-up of all the winners. üéµ https://t.co/42r0YK4naa #BritAwards #STACKmag"
2023-02-13 02:41:17,HiroshiKoba2,,"Harry Styles Wins Four BRIT Awards! In his acceptance speech, he thanked the members of One Direction: ""I wouldn't‚Ä¶ https://t.co/UqgLJhXk1D"
2023-02-13 02:30:10,SheKnows,USA,These stars aren't messing around with their red carpet fashion at this year's #BRITAwards! https://t.co/y8pV1EchVF
2023-02-13 02:15:37,a_QLB_view,"Phoenix, AZ",I blinked and thought it was the next UFO. It just Sam. #UFO #britawards #samsmith #whodesignedit #cantwalkfly https://t.co/3u0ZQ4yHzd
2023-02-13 02:15:19,Lainey_Classy,"Atlanta, GA","#HarryStyles #WinsBig at the #BritAwards: 'I am very aware of my privilege up here tonight'
https://t.co/EIZHXuIVOe"
2023-02-13 02:11:02,HiroshiKoba2,,Sam Smith on the Red Carpet in Pants Fashion with Huge Shoulder Pads &amp; Exploding Personality! The internet immediat‚Ä¶ https://t.co/22sP2yuYVv
2023-02-13 02:10:34,xtremeVG,,Mahalia wore a ‚ÄòLong Live R&amp;B‚Äô jacket at the BRITs in response to lack of R&amp;B artists at awards: Mahalia wore a ‚ÄòLo‚Ä¶ https://t.co/cDJHv1TQVW
2023-02-13 01:51:14,_ComedyJo,üè¥Û†ÅßÛ†Å¢Û†Å•Û†ÅÆÛ†ÅßÛ†Åøüá¨üáßüåé,"They must have got an Uber XL because no way were they getting on the escalator at North Greenwich. 

#samsmith‚Ä¶ https://t.co/i3YFgapKny"
2023-02-13 01:03:14,xtremeVG,,Here Are All The Red Carpet Looks Worn By Celebrities At The 2023 BRIT Awards: Here Are All The Red Carpet Looks Wo‚Ä¶ https://t.co/Zisz6hbvbZ
2023-02-12 23:49:41,PrincessTsahai,Everything London / üá©üá≤üáØüá≤,What was that Maya &amp; Stormzy joke? Lol why did #britawards sensor it? Lol
2023-02-12 23:23:56,GigglingNatalie,"Yorkshire, UK",A sure fire way to feel old .... watch the #britawards and not have a clue who 75% of the nominees are!
2023-02-12 23:23:09,iluvmilfz_,they/them,i drew @charli_xcx as a winx club fairy. ofc used her #britawards look as reference &lt;33 https://t.co/uaXOzAYYyT
2023-02-12 23:12:00,hotgosipnewz,,"Pregnant Jessie J Reveals She's Having a Baby Boy, Shows Off Her Bump at BRIT Awards Red Carpet
#hotgossipnewz‚Ä¶ https://t.co/yC9LJG3GWB"
2023-02-12 23:07:35,xtremeVG,,Here Are All The Celebrity Looks From The 2023 BRIT Awards: Here Are All The Celebrity Looks From The 2023 BRIT Awa‚Ä¶ https://t.co/H8HhP0nb8Y
2023-02-12 23:01:05,xtremeVG,,Blur‚Äôs Dave Rowntree welcomes Harry Styles to the ‚ÄúFour BRITs Club‚Äù: Blur‚Äôs Dave Rowntree welcomes Harry Styles to‚Ä¶ https://t.co/xh3oM2I0F6
2023-02-12 22:53:02,RobertD08675768,,"Sometimes you got to call a spade a spade‚Ä¶.but that ain‚Äôt no spade or fashion üòÇüòÇüòÇüòÇ
#FashionWeek 
#Fashion 
#BRITs‚Ä¶ https://t.co/fqi9HQ6fPX"
2023-02-12 22:16:11,HazxTomMates,,"Haz at the Brit Awards with Joshua Kane üôå

#harrisonosterfield #BRITs #BritAwards #osterfieldhollandmates‚Ä¶ https://t.co/gh4YreuDLU"
2023-02-12 21:53:31,T_McSherry_DLS,,It was an absolutely surreal experience attending the 2023 BRIT Awards with @BrianMufc96. After how spectacular it‚Ä¶ https://t.co/OANlrOzrZ0
2023-02-12 21:51:36,kipellis,Buxton Derbyshire,#britawards #SuperBowlLVII advert https://t.co/jOEBzGmblY
2023-02-12 21:42:00,dailystar,London,Ellie Goulding and Tom Grennan have addressed that awkward #BRITAwards moment https://t.co/8OjsMDqqAh
2023-02-12 21:39:22,MANCHESTERMUS10,"Manchester, England","OASIS RIOT ‚Ä¢ The Brit Awards 2007
Oasis ‚Ä¢ Morning Glory

The band were presented with an award for their ‚ÄòOutstandi‚Ä¶ https://t.co/mGdiyzigpq"
2023-02-12 21:25:21,capitalemporda,Pals,"Harry Styles, Beyonc√© i Wet Leg triomfen als Brit Awards 2023

#beyonc√© #BritAwards #Featured #harrystyles #Not√≠cies
https://t.co/wHCPsvplZf"
2023-02-12 21:15:03,xtremeVG,,"Beyonc√©‚Äôs team shuts down reports she demanded ¬£500,000 to perform at Brit Awards: Beyonc√©‚Äôs team shuts down report‚Ä¶ https://t.co/YJNLzYUvp0"
2023-02-12 21:13:59,PatBennett1,"Four Crosses, Wales",After the #BritAwards Sam Smith suffered from flatulence. üòé https://t.co/Zjs3ZkgCNn
2023-02-12 21:08:09,xtremeVG,,Harry Styles Seemed To Address The Controversy Over His Grammys Speech At The Brit Awards Last Night: Harry Styles‚Ä¶ https://t.co/6ocQercQQg
2023-02-12 21:08:05,xtremeVG,,Sam Smith‚Äôs Inflatable Outfit At The BRIT Awards Is Now A Hilarious Meme: Sam Smith‚Äôs Inflatable Outfit At The BRIT‚Ä¶ https://t.co/rKV7mQPY1I
2023-02-12 21:04:44,Zoeloufearn,"Manchester, England",A year &amp; a half ago I saw Wet Leg support Inhaler at the Foundry in Sheffield to a pretty much empty room. They're‚Ä¶ https://t.co/sliu9pIv2Z
2023-02-12 20:49:06,xtremeVG,,#BlackGirlMagic: Lizzo &amp; Beyonc√© Bring Home Wins At The 2023 Brit Awards: #BlackGirlMagic: Lizzo &amp; Beyonc√© Bring Ho‚Ä¶ https://t.co/XhWvpnSXRP
2023-02-12 20:42:17,AmazzinRosey,"Doncaster, üá¨üáß or üá≤üá¶",#britawards  well done  beyonce and not T  swift  haa what a load of shite seen a bit  wtf are wetleg what crap üôÑ h‚Ä¶ https://t.co/qJmV9sZydW
2023-02-12 20:34:57,leeflips,"Fylde coastüóºLancashire, UK",@LouiseRedknapp @ShutterstockNow the best dressed on the night tho was clearly Sam Smithü§£#BritAwards https://t.co/5V6qNon8sc
2023-02-12 20:27:05,realtinab1,London ,"What an amazing night ‚ù§Ô∏è #britawards @sclub7 

Dress by maje 
Shoes by Jimmy Choo 

Styling @emmalanestylist üëó

Mak‚Ä¶ https://t.co/xW6AHYuMku"
2023-02-12 20:22:25,dailystar,London,Ellie Goulding and Tom Grennan have addressed that awkward #BRITAwards moment https://t.co/8OjsMDpSKJ
2023-02-12 20:18:45,Kyberry32,"California, USA",Yo let me get one Harry Styles at the #BritAwards https://t.co/RLUPqrfabc
2023-02-12 20:15:27,RonnRonnVigh,Las Vegas,"Here‚Äôs #SamSmith  at the #BritAwards. 
But, Who wore it better? https://t.co/xfCygc6LQt"
2023-02-12 20:14:50,uBetMobile,Worldwide,"uBet Mobile - #1 Global Gambling, News and More! Post Edited: Jodie Turner-Smith wears¬†silver dress with connected‚Ä¶ https://t.co/MOnCLVWck9"
2023-02-12 20:00:23,SheKnows,USA,Salma Hayek looked so chic at the #BRITAwards! Check out more of her stunning ensembles over the years. https://t.co/kUALdckcdK
2023-02-12 19:30:00,WIONews,India,"#InPics | The 2023 #BritAwards were all about fashion and good looks. As the musical night came to an end, we compi‚Ä¶ https://t.co/f3Nwpi3I9Z"
2023-02-12 19:28:03,daniellismore,London,"Since 2019 Iv been in all ‚ÄúThe best, worst and most shocking outfits EVER at the BRIT Awards‚Äù Funny! @brits thanks‚Ä¶ https://t.co/7kofiSkedQ"
2023-02-12 19:21:47,LeBinderxo,"Toronto, Ontario",Leather-clad #SamSmith puts on another VERY raunchy performance of Unholy at the #BRITAwards where two of their bac‚Ä¶ https://t.co/ZGD7HMYpU9
2023-02-12 19:21:22,AltosaxoMusic,Lisbon,"Rhian Teasdale of Wet Leg performs live on stage at The BRIT Awards 2023 at The O2 Arena in London on February 11,‚Ä¶ https://t.co/yPGnFrNYnu"
2023-02-12 19:20:19,Latex247,,Model and activist Munroe Bergdorf attended last nights Brits in @AtsukoKudoLatex https://t.co/7n3qzXXyVF‚Ä¶ https://t.co/dR5xFHUz2k
2023-02-12 19:18:42,VickyHCarr,Harrogate,"All this talk of the #Brits2023 yet somehow everyone is missing the REAL controversy:

What was it doing being held‚Ä¶ https://t.co/Dq5s4xxOiB"
2023-02-12 19:11:48,thecureverse,,"The Cure photographed by Terry O'Neill at the 1991 Brit Awards where they won Best British Band.

#TheCure‚Ä¶ https://t.co/czeEtKOL19"
2023-02-12 19:07:45,AltosaxoMusic,Lisbon,"Harry Styles performs live on stage at The BRIT Awards 2023 at The O2 Arena in London on February 11, 2023.‚Ä¶ https://t.co/bLmOSyH4ob"
2023-02-12 18:56:09,drinckx,Pontardawe & Penge,"I find that when stepping out for an evening, it is always important to make an effort. #BritAwards #formalwear https://t.co/Tbg9ocgtv8"
2023-02-12 18:44:46,est_1980_usa,United States,I love this game! ü§™üòÇ #SamSmith #fashion #BritAwards #Britain #lol #funny #clownworld https://t.co/uBvYV1yheK
2023-02-12 18:40:59,tobycortonmusic,"London, United Kingdom",Just wanted to follow up my tweet from yesterday about #britawards and share this photo...Mo's Music industry back‚Ä¶ https://t.co/tqq3EYAOKI
2023-02-12 18:22:41,Linfonetrealtv,,BRIT AWARDS 2023 : PALMARES + VIDEOS DES PRESTATIONS #lizzo #samsmith #lewiscapaldi #davidguetta #BRITs‚ÄØ‚ÄØ‚ÄØ‚Ä¶ https://t.co/cNtnRqxz2P
2023-02-12 18:21:02,sxp55555,"Croydon, London",@_DeclanRice was a natural up on that stage #BritAwards looked as comfortable as a 15 year old in Dahmers apartment
2023-02-12 18:20:21,4damchristopher,,"How did this shit get a Brit award? 'Indie' music has become a parody of itself. 

26 lines of ""on the chaise longu‚Ä¶ https://t.co/INCVbMdDHE"
2023-02-12 18:19:42,CheriStories,Fashion World,@MayaJama in @Schiaparelli at the 2023 #BritAwards https://t.co/H80yhEboXN
2023-02-12 18:18:06,xtremeVG,,Tom Grennan apologies over comments to Ellie Goulding during BRITs: Tom Grennan apologies over comments to Ellie Go‚Ä¶ https://t.co/izVJtq8Ir6
2023-02-12 18:17:53,CheriStories,Fashion World,Charli XCX in Ludovic de Saint Sernin Fall 2023 at the 2023 #BritAwards  https://t.co/BjZqQqrCzr
2023-02-12 18:15:38,CheriStories,Fashion World,Shania Twain in @YSL Resort 2023 at the 2023 #BritAwards  https://t.co/ldza007Tl9
2023-02-12 18:10:43,CheriStories,Fashion World,Kim Petras in @MaisonValentino Resort 2023 at the 2023 #BritAwards https://t.co/F5i2oQJBCb
2023-02-12 18:09:29,CheriStories,Fashion World,Stormzy in @givenchy at the 2023 #BritAwards https://t.co/CSpyLMLBpk
2023-02-12 18:06:42,CheriStories,Fashion World,Salma Hayek in @McQueen Spring 2023 at the 2023 #BritAwards  https://t.co/cz6DalwGSh
2023-02-12 18:05:10,CheriStories,Fashion World,Naomi Ackie in @proenzaschouler at the 2023 #BritAwards  https://t.co/5YKx5bOJmF
2023-02-12 18:03:11,CheriStories,Fashion World,Sam Smith in custom Harri at the 2023 #BritAwards  https://t.co/7gtz5iDZO8
2023-02-12 18:01:39,CheriStories,Fashion World,Harry Styles in custom @NinaRicci at the 2023 #BritAwards  https://t.co/Qq3hGQKtr3
2023-02-12 17:52:41,CheriStories,Fashion World,Jodie Turner-Smith in @ZMURADofficial Spring 2023 Couture at the 2023 #BritAwards  https://t.co/1x5nt45gUA
2023-02-12 17:46:40,JuSpills,United States,I‚Äôm sorry but @BebeRexha was robbed for International Song Of The Year at #britawards2023 #BritAwards
2023-02-12 17:45:38,xtremeVG,,Tom Grennan apologises for joking about Ellie Goulding‚Äôs breasts at Brit Awards but she insists he‚Äôs ‚Äòan ally‚Äô: Tom‚Ä¶ https://t.co/eWL4teVDnZ
2023-02-12 17:28:35,xtremeVG,,Maya Jama and Laura Whitmore deny claims they ‚Äòignored‚Äô one another during Brit Awards: ‚ÄòStop trying to put women a‚Ä¶ https://t.co/cuwuzKn23O
2023-02-12 17:26:39,olivermarks,San Francisco,#BRITawards:  short for 'Balloon Release In Trousers'. The biggest fart that inflates the costume wins the award fr‚Ä¶ https://t.co/tPXFoiTeDR
2023-02-12 17:22:19,PigGate2,United Kingdom,"Why does #samsmith look like a plucked chicken at the #britawards2023 ?

I am trying to build profile on #TikTok as‚Ä¶ https://t.co/JfI3twvquN"
2023-02-12 17:22:04,hellsrainer,United States,"I like me some Sam Smith music, but he lookin like a Boss from Kingdom Hearts #kingdomhearts #heartless #britawards‚Ä¶ https://t.co/kdkZ4luCNj"
2023-02-12 17:21:14,TheNationalNews,Global HQ: UAE,"Who is Harri, the Kerala-born designer behind Sam Smith's #BritAwards 2023 look? https://t.co/TiXPZVIa2B"
2023-02-12 17:19:42,the_retrograder,Derby ,Trying to figure out which #Unown @samsmith went to The Brit Awards as? #Pokemon #britawards https://t.co/3Q8nBtNRCu
2023-02-12 17:12:04,Summerdickens51,,Well done @OfficialAitch  @Beyonce @BeckyHill @Harry_Styles @wetlegband @fontainesdublin @the1975 @davidguetta on your #BritAwards
2023-02-12 17:08:00,MirrorTV,UK,"ITV didn't managed to mute Daisy May Cooper's audio in time at the #BRITAwards 

https://t.co/ErkjbFegki"
2023-02-12 17:02:35,heyreilly,London,About las night üñ§üéàüèÜ #SamSmith #BritAwards #Banksy #Icon #HeyReilly https://t.co/UPxFFgBlZ9
2023-02-12 17:00:01,daily_stoopid,,"They're really blowing up on the pop charts.

#samsmith #BritAwards #britawards #spyballoon #UFO #ufo #satire‚Ä¶ https://t.co/rJWg6f3ajv"
2023-02-12 16:58:18,colmsmyth,Wicklow,That #SamSmith outfit on the #BritAwards is just horrendous. The designer should be cast out and Sam given a clip a‚Ä¶ https://t.co/nWyDuLfyUH
2023-02-12 16:52:09,parentsgallery2,,"brits&gt;grammys 
#HarryStyles #BritAwards #GrammyAwards #BRITs #HarryStylesbrits #HarryStylesGrammy"
2023-02-12 16:35:39,atw_uk,,Maya Jama can‚Äôt hide shock as Joel Dommett makes X-rated joke about Sir Elton John at Brit Awards‚Ä¶ https://t.co/qj72l8UyOv
2023-02-12 16:28:17,StroudTimes,"Stroud, Gloucestershire","Stroud dancers perform at Brit Awards #BossMorris #BritAwards #WetLeg
https://t.co/m4Oxpks6BS"
2023-02-12 16:28:06,WeirdRealityArt,Uk,Some of the highlights from 2040s Brit awards #futurefashion #AIart #fake #BritAwards https://t.co/LJGXXBaPLk
2023-02-12 16:27:36,WeirdRealityArt,Uk,Some of the highlights from 2040s Brit awards #futurefashion #AIart #fake #BritAwards https://t.co/MfXRjem2XA
2023-02-12 16:27:09,WeirdRealityArt,Uk,Some of the highlights from 2040s Brit awards #futurefashion #AIart #fake #BritAwards https://t.co/wrbEoGXuQf
2023-02-12 16:26:37,WeirdRealityArt,Uk,Some of the highlights from 2040s Brit awards #futurefashion #AIart #fake #BritAwards https://t.co/HjBjT3Snpz
2023-02-12 16:25:43,WeirdRealityArt,Uk,Some of the highlights of the men from 2040s Brit awards #futurefashion #AIart #fake #BritAwards https://t.co/uw5ChudDWR
2023-02-12 16:24:44,WeirdRealityArt,Uk,Some of the highlights from 2040s Brit awards #futurefashion #AIart #fake #BritAwards https://t.co/TBp7Ai6yPz
2023-02-12 16:13:47,magaJPT,"Chicago, IL",He lost the bet against the queen of hearts. #BRITAwards #BRITs https://t.co/0cvSDjbdWa
2023-02-12 16:06:52,Sean_McGuire_,"Royal Tunbridge Wells, England",Just take the award and get off the stage‚Ä¶. ü§¶üèº‚Äç‚ôÇÔ∏è #BritAwards #latetotheparty
2023-02-12 16:05:09,atw_uk,,Maya Jama accidentally lets slip ‚Äòsecret‚Äô of when she‚Äôll next be back on Love Island while at the Brit Awards‚Ä¶ https://t.co/cM9ExM6bjw
2023-02-12 16:00:19,UkTruth2020,United Kingdom,"@samsmith @MaisonValentino @BRITs David Bowie did it first (and better) in 1973! ü§£ ‚ù§Ô∏è

Well done to @samsmith for t‚Ä¶ https://t.co/wdBlNEPsIt"
2023-02-12 15:57:57,UkTruth2020,United Kingdom,"David Bowie did it first (and better) in 1973! ü§£ ‚ù§Ô∏è

Well done to @samsmith for taking it on and being brave though‚Ä¶ https://t.co/lpMhqilEo4"
2023-02-12 15:57:33,Cantdogames,UK,Diving Head First Into Some Trashy News - Weird News https://t.co/oopQ13RVRr via @YouTube Woman gets stuck in rubbi‚Ä¶ https://t.co/x6X3sHzVxR
2023-02-12 15:51:39,LeftofStr8Radio,Ohio,"I have 2 thoughts‚Ä¶. First, they were a day late for the Drag Race ‚Äòpuffer challenge‚Äô and second, part of the recent‚Ä¶ https://t.co/APeMKfqUfc"
2023-02-12 15:50:58,LeftofStr8,"Youngstown, Ohio","I have 2 thoughts‚Ä¶. First, they were a day late for the Drag Race ‚Äòpuffer challenge‚Äô and second, part of the recent‚Ä¶ https://t.co/6fQ79Scn64"
2023-02-12 15:48:43,MirrorTV,UK,"ITV didn't managed to mute Daisy May Cooper's audio in time at the #BRITAwards 

https://t.co/ErkjbFdIuK"
2023-02-12 15:48:35,TyeTalkz,#DMV,Baayyybeeee @flolikethis the bawwwwwwdees!!! these looks slaaaaaayed!!! The color scheme cooordinating!!! The baby‚Ä¶ https://t.co/sOeaquQ6mp
2023-02-12 15:41:18,usweekly,,"The #BritAwards or #HarrysHouse? Inside Harry Styles‚Äô best moments at the award show, from #OneDirection mentions,‚Ä¶ https://t.co/IMIoZ8AcAT"
2023-02-12 15:35:17,myceleblifeuk,United Kingdom,Maya Jama accidentally lets slip ‚Äòsecret‚Äô of when she‚Äôll next be back on Love Island while at the Brit Awards‚Ä¶ https://t.co/qO2hk386hk
2023-02-12 15:28:29,ky13th,,"I feel like meek on a private jet üí∑‚úàÔ∏è

Poster cover by @itzkyaaa Dm for your own üì•üî•

@Santandave1 

#santandave‚Ä¶ https://t.co/1ic4JGTVSI"
2023-02-12 15:16:54,ETCanada,Canada,.@Harry_Styles thanks the other members of @onedirection at #BRITAwards https://t.co/N6nrZtsEZx
2023-02-12 15:13:23,Oneindia,India,"Brit Award 2023: Details you need to know

https://t.co/yxiYAkcMWm

#britsawards #brits2023 #thebrits2023‚Ä¶ https://t.co/JltTSvxtUQ"
2023-02-12 15:12:36,atw_uk,,Brit Awards viewers in hysterics as ITV ‚Äòfails to mute‚Äô Daisy May Cooper‚Äôs bawdy ‚Äòcocaine‚Äô joke about the‚Ä¶ https://t.co/YjAoM3COrV
2023-02-12 15:11:38,dfworldnews,,"News: https://t.co/TCMzIsiX3N ‚Ä¢ App: https://t.co/wc6KAtgUuA
#HarryStyles has won all four #BritAwards including be‚Ä¶ https://t.co/JqgWL2pGTY"
2023-02-12 15:10:43,AmariaFanpage,"England, United Kingdom","That‚Äôs right! Our StarGirl was styled by @HUGOBOSS for the @BRITs last night. Her elevation is amazing, we love to‚Ä¶ https://t.co/wtbgezX7Kg"
2023-02-12 15:10:04,xtremeVG,,Idris Elba doubles down on why he doesn‚Äôt call himself a ‚ÄòBlack actor‚Äô as John Boyega weighs in: Idris Elba doubles‚Ä¶ https://t.co/gSfut2En5T
2023-02-12 15:09:23,PaulWalford1991,"Nottingham, England",Coolness personified no one last night could hold a candle to Liam we want our Rockstars back not people dressed li‚Ä¶ https://t.co/SuEb8cnHQe
2023-02-12 14:56:36,cwnailstudio,"London, England","Sam smith at the Brit Awards 2023
#britawards https://t.co/c1UFWaqYGE"
2023-02-12 14:55:36,MediaVersePlus,Earth 616,@Lenatimes2 This is awful. Like I‚Äôm sorry but what was ANYONE involved with this thinking? Where is the explanation‚Ä¶ https://t.co/XRs5PYk8ZZ
2023-02-12 14:55:08,saltedpopcorn_,France,"4 #brit awards for @harrystyles . It's not the same #asitwas. So proud of you ü•∫

#harrystyles #broderie #embroidery‚Ä¶ https://t.co/rUkQrRix6m"
2023-02-12 14:54:44,myceleblifeuk,United Kingdom,Brit Awards viewers in hysterics as ITV ‚Äòfails to mute‚Äô Daisy May Cooper‚Äôs bawdy ‚Äòcocaine‚Äô joke about the‚Ä¶ https://t.co/dcccKLDYuz
2023-02-12 14:48:00,SinghZeldon,Sydney Australia,New Day New Stunna Record By THE GOAT Queen Bey. Top Tier Achievements. International Artist Of The Year At The 202‚Ä¶ https://t.co/w8J2S2BZOj
2023-02-12 14:46:33,PCOSVitality,"Belfast, Northern Ireland",#pcos extrabaggage #britawards2023 #BritAwards #samsmith #unholy #pcosawareness https://t.co/Oy0nI8UPFe
2023-02-12 14:46:18,leindividualist,"England, United Kingdom","I didn‚Äôt think much of the Brit awards, I don‚Äôt think @samsmith did either. #britawards #britawards2023 #samsmith‚Ä¶ https://t.co/VwmdJ7aiso"
2023-02-12 14:43:49,uBetMobile,Worldwide,"uBet Mobile - #1 Global Gambling, News and More! Post Edited: Completely happy Valley Ryan Cawood actor Rhys Connah‚Ä¶ https://t.co/fE9PK9dOjX"
2023-02-12 14:39:01,Jhonjournalist,United Arab Emirates,"Brit Awards 2023: The Complete List of Winners
https://t.co/L2gaXpcD1A
#BritAwards #Complete #Winners #MayaJama‚Ä¶ https://t.co/UJZbl2Yc60"
2023-02-12 14:38:19,monstersandcrit,USA / UK / Canada,"#SalmaHayekPinault is breathtaking in mesh, leather, and fishnets at the 2023 #BritAwards #Brits2023  https://t.co/NUlzcDmIdV"
2023-02-12 14:35:27,YuuNetwork,"Los Angeles, CA","Post new RSS feed items containing a specific word to a Facebook Page

üÜìAutomation template ‚Üì
üëâ‚Ä¶ https://t.co/ekiN48Sa4S"
2023-02-12 14:31:37,xtremeVG,,Harry Styles and Stanley Tucci‚Äôs bromance caught on camera at Brit Awards and people can‚Äôt handle it: Harry Styles‚Ä¶ https://t.co/alV9NNP1Nh
2023-02-12 14:25:23,Umbrasee,,"This is Dr Eggman and his new machine, SamSmithatron 6000. They will do unholy things to defeat that pesky hedgehog‚Ä¶ https://t.co/LVj4b6T2oY"
2023-02-12 14:24:11,atw_uk,,Jessie J reveals sex of her baby as she preps to walk Brits red carpet for first time in 10 years‚Ä¶ https://t.co/gIWqTibKsx
2023-02-12 14:17:44,Gm4nHere,A place where it ‚òî,"@BRITs @samsmith Look how he‚Äôs having to walk, or should I say waddle. üò≥
#samsmith #BritAwards #henotthey"
2023-02-12 14:09:15,WolfOfDowningSt,,"In the 90s, #Oasis #Blur and #ManicStreetPreachers used to sweep the boards at the #BritAwards 

Now it‚Äôs‚Ä¶ https://t.co/kUCQoPiFoG"
2023-02-12 14:07:53,ECLAIR_CNC,"St. Louis, MO","So does the #BritAwards have a theme or something? Seems like a lot of fun!
#Brits2023 
#SamSmith 
#Lizzo
#Beyonce https://t.co/zhzP1o4lPR"
2023-02-12 14:06:11,xtremeVG,,Ellie Goulding defends Tom Grennan over BRITs ‚Äútit gate‚Äù: Ellie Goulding defends Tom Grennan over BRITs ‚Äútit gate‚Äù‚Ä¶ https://t.co/veJlobgvft
2023-02-12 13:59:25,jacques_hyzagi,"Manhattan, NY",That horrid queer baiting mediocre fool won all (old clueless toff tosh white men vote at these shows &amp; they think‚Ä¶ https://t.co/VrrB94WtkX
2023-02-12 13:56:51,x19roxy68x,"Paisley, Scotland",It's a no from me! üëé#Britawards https://t.co/7TSNUIBGb5
2023-02-12 13:54:09,xtremeVG,,Richie Sambora ‚Äòcouldn‚Äôt really see‚Äô his guitar but still pulled off a stunning performance as Jacket Potato on The‚Ä¶ https://t.co/4MPW7kQwn9
2023-02-12 13:53:35,EtonOldBoys,Weymouth,"#BritAwards 

Harry Styles is awarded 12 Brit Awards last night https://t.co/p4ZvgiPUeW"
2023-02-12 13:51:26,Britishfinest21,a parody account clearly. ,"#MaskedSingerUK just aids for tv.
On par with #loveisland 
#BritAwards #BRITs embarrassing tv.
What tool made the brits award? #Brits2023"
2023-02-12 13:43:05,Ben_Lovegrove,United Kingdom,#SamSmith campaigned for the #BritAwards to go gender neutral and the women‚Äôs category was abolished. Now Sam is co‚Ä¶ https://t.co/LPK5L5XoGj
2023-02-12 13:39:38,ashveersingh06,"Durban, KwaZulu Natal","Sam Smith at the Brit Awards last night. This is what happens when you fart in a latex suit kids, you turn into an‚Ä¶ https://t.co/plmmfWQn10"
2023-02-12 13:32:38,kouchanusui,Êù±‰∫¨ÈÉΩÊñ∞ÂÆøÂå∫,#Lizzo Shows Off Extravagant Gold Look For #BritAwards Red Carpet https://t.co/COfgxw2qJ0
2023-02-12 13:28:46,MixtapeMadness,"London, UK",üèÜ Aitch comments on his #BritAwards win last night https://t.co/ZrPKJumBS2
2023-02-12 13:27:44,OnlyUtd,,"Thank goodness, I don‚Äôt watch ‚ÄúNormal Tele‚Äù apart when footy is on. The Wokeness levels are fucked!!! #BritAwards s‚Ä¶ https://t.co/wJRWHuyiGy"
2023-02-12 13:26:04,TruthAndSarcasm,Sarcasticville ,"I Always Believe There‚Äôs A Time And Place For Everything,  

But  Not There, This Was Tacky And Tasteless 

#BritAwards #JessiJ"
2023-02-12 13:22:47,indulgexpress,"Chennai, India","It was #HarryStyles‚Äô night at the #BritAwards! Harry won four prizes, including #AlbumoftheYear, at the UK‚Äôs leadin‚Ä¶ https://t.co/RhcufBEHMb"
2023-02-12 13:21:32,dronetempleguy,People's Republic of China,When your life goals are to look like a fkn idiot. #SamSmith next time don't fart in your wetsuit #britawards2023‚Ä¶ https://t.co/oBJEV3XgZP
2023-02-12 13:05:43,Flowerbomb212,"London, England",@elliegoulding @Tom_Grennan His comments were unnecessary and chauvinistic Ellie. If you‚Äôre happy for him to say th‚Ä¶ https://t.co/k2je2JIZDW
2023-02-12 13:02:29,indulgexpress,"Chennai, India","#BritAwards2023: From #SamSmith to #Lizzo, here are ten best-dressed celebrities from the ceremony!

Check out the‚Ä¶ https://t.co/LbJmbXKFMS"
2023-02-12 12:59:50,LouiseGolbey,"London, England",Check out this old poster from The London Coffee Festival 2011 at @trumanbrewery Brick Lane - when I was on the sam‚Ä¶ https://t.co/Nk4VBGCPZW
2023-02-12 12:59:49,Lagswitch456,,"I haven't watched the #BritAwards since about 1996, quite a difference https://t.co/IYAWw5hYHb"
2023-02-12 12:49:21,blurfanclub,Essex,"Blur at the 1995 Brit Awards, where they won 4 times.

@blurofficial #DamonAlbarn
@grahamcoxon @alexjameshq‚Ä¶ https://t.co/CtM4CjSEvD"
2023-02-12 12:42:19,LetsEatWild,United Kingdom,"@gregjames why are you attacking the most sustainable, wild meat we have? We would love to talk more about all thin‚Ä¶ https://t.co/cdMHJbItIm"
2023-02-12 12:41:00,daniellismore,London,This does impress me much. @ShaniaTwain #brits #Brits2023 #BRITs #britawards üêÜüêÜüêÜ https://t.co/BtZbPyfw2p
2023-02-12 12:37:24,peteheat,"London, England",Sometimes a guy just wants to put a suit on and make a ring float through the air for a goddamn second #BritAwards‚Ä¶ https://t.co/izPbemonlM
